<?xml version="1.0" encoding="UTF-8" standalone="no"?>
<featureModel>
    <properties/>
    <struct>
        <and abstract="true" mandatory="true" name="BessererReiseplaner">
            <and mandatory="true" name="Base">
                <feature mandatory="true" name="Suchleiste"/>
                <or abstract="true" mandatory="true" name="Buchen">
                    <or name="Unterkunft_buchen_base">
                        <feature name="Hotel"/>
                        <feature name="Ferienhaus"/>
                        <or name="Campingplatz">
                            <feature name="Bungalow"/>
                            <feature name="Stellplatz"/>
                        </or>
                    </or>
                    <or name="Reise_buchen_base">
                        <feature name="Busreise"/>
                        <and name="Auto_mieten">
                            <feature name="Route_planen"/>
                        </and>
                        <feature name="Flug"/>
                        <feature name="Kreuzfahrt"/>
                    </or>
                </or>
                <feature name="Aktivitaet_buchen"/>
                <alt abstract="true" mandatory="true" name="Zahlung">
                    <feature name="Kreditkarte"/>
                    <feature name="PayPal"/>
                    <feature name="GiroPay"/>
                </alt>
                <feature name="Waehrungsrechner"/>
            </and>
        </and>
    </struct>
    <constraints/>
    <calculations Auto="true" Constraints="true" Features="true" Redundant="true" Tautology="true"/>
    <comments/>
    <featureOrder userDefined="true">
        <feature name="Suchleiste"/>
        <feature name="Route_planen"/>
        <feature name="Kreditkarte"/>
        <feature name="PayPal"/>
        <feature name="GiroPay"/>
        <feature name="Auto_mieten"/>
        <feature name="Bungalow"/>
        <feature name="Kreuzfahrt"/>
        <feature name="Waehrungsrechner"/>
        <feature name="Campingplatz"/>
        <feature name="Busreise"/>
        <feature name="Stellplatz"/>
        <feature name="Ferienhaus"/>
        <feature name="Aktivitaet_buchen"/>
        <feature name="Flug"/>
        <feature name="Hotel"/>
        <feature name="Base"/>
        <feature name="Unterkunft_buchen_base"/>
        <feature name="Reise_buchen_base"/>
    </featureOrder>
</featureModel>
